"","Drzava","Indeks","Vrednost"
"1","Afghanistan","Indeks izobrazbe",0.413
"2","Afghanistan","Indeks zivljenja",0.684
"3","Afghanistan","Indeks prihodka",0.432
"4","Afghanistan","Indeks neenakosti",0.01
"5","Afghanistan","Ekoloski indeks",0.99
"6","Afghanistan","Indeks COVID",0.98
"7","Afghanistan","Stari HDI",0.5
"8","Afghanistan","Novi HDI",0.33
"9","Albania","Indeks izobrazbe",0.758
"10","Albania","Indeks zivljenja",0.899
"11","Albania","Indeks prihodka",0.727
"12","Albania","Indeks neenakosti",0.82
"13","Albania","Ekoloski indeks",0.96
"14","Albania","Indeks COVID",0.8
"15","Albania","Stari HDI",0.79
"16","Albania","Novi HDI",0.82
"17","Algeria","Indeks izobrazbe",0.675
"18","Algeria","Indeks zivljenja",0.872
"19","Algeria","Indeks prihodka",0.743
"20","Algeria","Indeks neenakosti",0.6
"21","Algeria","Ekoloski indeks",0.9
"22","Algeria","Indeks COVID",0.98
"23","Algeria","Stari HDI",0.76
"24","Algeria","Novi HDI",0.78
"25","Andorra","Indeks izobrazbe",0.708
"26","Andorra","Indeks zivljenja",0.951
"27","Andorra","Indeks prihodka",0.935
"28","Andorra","Indeks neenakosti",0.01
"29","Andorra","Ekoloski indeks",0.84
"30","Andorra","Indeks COVID",0.01
"31","Andorra","Stari HDI",0.86
"32","Andorra","Novi HDI",0.19
"33","Angola","Indeks izobrazbe",0.498
"34","Angola","Indeks zivljenja",0.627
"35","Angola","Indeks prihodka",0.607
"36","Angola","Indeks neenakosti",0.31
"37","Angola","Ekoloski indeks",0.97
"38","Angola","Indeks COVID",0.99
"39","Angola","Stari HDI",0.57
"40","Angola","Novi HDI",0.62
"41","Antigua and Barbuda","Indeks izobrazbe",0.655
"42","Antigua and Barbuda","Indeks zivljenja",0.875
"43","Antigua and Barbuda","Indeks prihodka",0.816
"44","Antigua and Barbuda","Indeks neenakosti",0.01
"45","Antigua and Barbuda","Ekoloski indeks",0.85
"46","Antigua and Barbuda","Indeks COVID",0.98
"47","Antigua and Barbuda","Stari HDI",0.78
"48","Antigua and Barbuda","Novi HDI",0.4
"49","Argentina","Indeks izobrazbe",0.842
"50","Argentina","Indeks zivljenja",0.87
"51","Argentina","Indeks prihodka",0.781
"52","Argentina","Indeks neenakosti",0.75
"53","Argentina","Ekoloski indeks",0.88
"54","Argentina","Indeks COVID",0.66
"55","Argentina","Stari HDI",0.83
"56","Argentina","Novi HDI",0.79
"57","Armenia","Indeks izobrazbe",0.759
"58","Armenia","Indeks zivljenja",0.845
"59","Armenia","Indeks prihodka",0.684
"60","Armenia","Indeks neenakosti",0.85
"61","Armenia","Ekoloski indeks",0.95
"62","Armenia","Indeks COVID",0.48
"63","Armenia","Stari HDI",0.76
"64","Armenia","Novi HDI",0.74
"65","Australia","Indeks izobrazbe",0.923
"66","Australia","Indeks zivljenja",0.974
"67","Australia","Indeks prihodka",0.92
"68","Australia","Indeks neenakosti",0.89
"69","Australia","Ekoloski indeks",0.56
"70","Australia","Indeks COVID",0.99
"71","Australia","Stari HDI",0.94
"72","Australia","Novi HDI",0.86
"73","Austria","Indeks izobrazbe",0.871
"74","Austria","Indeks zivljenja",0.945
"75","Austria","Indeks prihodka",0.927
"76","Austria","Indeks neenakosti",0.9
"77","Austria","Ekoloski indeks",0.8
"78","Austria","Indeks COVID",0.61
"79","Austria","Stari HDI",0.91
"80","Austria","Novi HDI",0.83
"81","Azerbaijan","Indeks izobrazbe",0.694
"82","Azerbaijan","Indeks zivljenja",0.813
"83","Azerbaijan","Indeks prihodka",0.759
"84","Azerbaijan","Indeks neenakosti",0.86
"85","Azerbaijan","Ekoloski indeks",0.9
"86","Azerbaijan","Indeks COVID",0.79
"87","Azerbaijan","Stari HDI",0.75
"88","Azerbaijan","Novi HDI",0.8
"89","Bahamas","Indeks izobrazbe",0.741
"90","Bahamas","Indeks zivljenja",0.827
"91","Bahamas","Indeks prihodka",0.853
"92","Bahamas","Indeks neenakosti",0.01
"93","Bahamas","Ekoloski indeks",0.88
"94","Bahamas","Indeks COVID",0.81
"95","Bahamas","Stari HDI",0.81
"96","Bahamas","Novi HDI",0.39
"97","Bahrain","Indeks izobrazbe",0.738
"98","Bahrain","Indeks zivljenja",0.879
"99","Bahrain","Indeks prihodka",0.907
"100","Bahrain","Indeks neenakosti",0.01
"101","Bahrain","Ekoloski indeks",0.48
"102","Bahrain","Indeks COVID",0.41
"103","Bahrain","Stari HDI",0.84
"104","Bahrain","Novi HDI",0.32
"105","Bangladesh","Indeks izobrazbe",0.513
"106","Bangladesh","Indeks zivljenja",0.805
"107","Bangladesh","Indeks prihodka",0.559
"108","Bangladesh","Indeks neenakosti",0.51
"109","Bangladesh","Ekoloski indeks",0.99
"110","Bangladesh","Indeks COVID",0.97
"111","Bangladesh","Stari HDI",0.61
"112","Bangladesh","Novi HDI",0.7
"113","Barbados","Indeks izobrazbe",0.773
"114","Barbados","Indeks zivljenja",0.909
"115","Barbados","Indeks prihodka",0.766
"116","Barbados","Indeks neenakosti",0.69
"117","Barbados","Ekoloski indeks",0.88
"118","Barbados","Indeks COVID",0.99
"119","Barbados","Stari HDI",0.81
"120","Barbados","Novi HDI",0.83
"121","Belarus","Indeks izobrazbe",0.837
"122","Belarus","Indeks zivljenja",0.84
"123","Belarus","Indeks prihodka",0.776
"124","Belarus","Indeks neenakosti",0.93
"125","Belarus","Ekoloski indeks",0.82
"126","Belarus","Indeks COVID",0.8
"127","Belarus","Stari HDI",0.82
"128","Belarus","Novi HDI",0.83
"129","Belgium","Indeks izobrazbe",0.893
"130","Belgium","Indeks zivljenja",0.946
"131","Belgium","Indeks prihodka",0.919
"132","Belgium","Indeks neenakosti",0.9
"133","Belgium","Ekoloski indeks",0.77
"134","Belgium","Indeks COVID",0.46
"135","Belgium","Stari HDI",0.92
"136","Belgium","Novi HDI",0.79
"137","Belize","Indeks izobrazbe",0.691
"138","Belize","Indeks zivljenja",0.838
"139","Belize","Indeks prihodka",0.645
"140","Belize","Indeks neenakosti",0.56
"141","Belize","Ekoloski indeks",0.96
"142","Belize","Indeks COVID",0.75
"143","Belize","Stari HDI",0.72
"144","Belize","Novi HDI",0.73
"145","Benin","Indeks izobrazbe",0.476
"146","Benin","Indeks zivljenja",0.638
"147","Benin","Indeks prihodka",0.462
"148","Benin","Indeks neenakosti",0.18
"149","Benin","Ekoloski indeks",0.98
"150","Benin","Indeks COVID",1
"151","Benin","Stari HDI",0.52
"152","Benin","Novi HDI",0.54
"153","Bhutan","Indeks izobrazbe",0.441
"154","Bhutan","Indeks zivljenja",0.792
"155","Bhutan","Indeks prihodka",0.673
"156","Bhutan","Indeks neenakosti",0.44
"157","Bhutan","Ekoloski indeks",0.96
"158","Bhutan","Indeks COVID",0.99
"159","Bhutan","Stari HDI",0.62
"160","Bhutan","Novi HDI",0.68
"161","Bolivia","Indeks izobrazbe",0.69
"162","Bolivia","Indeks zivljenja",0.788
"163","Bolivia","Indeks prihodka",0.638
"164","Bolivia","Indeks neenakosti",0.49
"165","Bolivia","Ekoloski indeks",0.95
"166","Bolivia","Indeks COVID",0.87
"167","Bolivia","Stari HDI",0.7
"168","Bolivia","Novi HDI",0.72
"169","Bosnia and Herzegovina","Indeks izobrazbe",0.706
"170","Bosnia and Herzegovina","Indeks zivljenja",0.881
"171","Bosnia and Herzegovina","Indeks prihodka",0.732
"172","Bosnia and Herzegovina","Indeks neenakosti",0.74
"173","Bosnia and Herzegovina","Ekoloski indeks",0.83
"174","Bosnia and Herzegovina","Indeks COVID",0.68
"175","Bosnia and Herzegovina","Stari HDI",0.77
"176","Bosnia and Herzegovina","Novi HDI",0.76
"177","Botswana","Indeks izobrazbe",0.664
"178","Botswana","Indeks zivljenja",0.758
"179","Botswana","Indeks prihodka",0.766
"180","Botswana","Indeks neenakosti",0.01
"181","Botswana","Ekoloski indeks",0.92
"182","Botswana","Indeks COVID",0.94
"183","Botswana","Stari HDI",0.73
"184","Botswana","Novi HDI",0.39
"185","Brazil","Indeks izobrazbe",0.689
"186","Brazil","Indeks zivljenja",0.857
"187","Brazil","Indeks prihodka",0.747
"188","Brazil","Indeks neenakosti",0.5
"189","Brazil","Ekoloski indeks",0.94
"190","Brazil","Indeks COVID",0.65
"191","Brazil","Stari HDI",0.76
"192","Brazil","Novi HDI",0.72
"193","Brunei Darussalam","Indeks izobrazbe",0.703
"194","Brunei Darussalam","Indeks zivljenja",0.857
"195","Brunei Darussalam","Indeks prihodka",1
"196","Brunei Darussalam","Indeks neenakosti",0.01
"197","Brunei Darussalam","Ekoloski indeks",0.01
"198","Brunei Darussalam","Indeks COVID",1
"199","Brunei Darussalam","Stari HDI",0.84
"200","Brunei Darussalam","Novi HDI",0.2
"201","Bulgaria","Indeks izobrazbe",0.805
"202","Bulgaria","Indeks zivljenja",0.845
"203","Bulgaria","Indeks prihodka",0.798
"204","Bulgaria","Indeks neenakosti",0.79
"205","Bulgaria","Ekoloski indeks",0.83
"206","Bulgaria","Indeks COVID",0.72
"207","Bulgaria","Stari HDI",0.82
"208","Bulgaria","Novi HDI",0.8
"209","Burkina Faso","Indeks izobrazbe",0.3
"210","Burkina Faso","Indeks zivljenja",0.633
"211","Burkina Faso","Indeks prihodka",0.428
"212","Burkina Faso","Indeks neenakosti",0.36
"213","Burkina Faso","Ekoloski indeks",1
"214","Burkina Faso","Indeks COVID",1
"215","Burkina Faso","Stari HDI",0.43
"216","Burkina Faso","Novi HDI",0.56
"217","Burundi","Indeks izobrazbe",0.418
"218","Burundi","Indeks zivljenja",0.635
"219","Burundi","Indeks prihodka",0.285
"220","Burundi","Indeks neenakosti",0.36
"221","Burundi","Ekoloski indeks",1
"222","Burundi","Indeks COVID",1
"223","Burundi","Stari HDI",0.42
"224","Burundi","Novi HDI",0.55
"225","Cabo Verde","Indeks izobrazbe",0.538
"226","Cabo Verde","Indeks zivljenja",0.812
"227","Cabo Verde","Indeks prihodka",0.631
"228","Cabo Verde","Indeks neenakosti",0.01
"229","Cabo Verde","Ekoloski indeks",0.01
"230","Cabo Verde","Indeks COVID",0.8
"231","Cabo Verde","Stari HDI",0.65
"232","Cabo Verde","Novi HDI",0.17
"233","Cambodia","Indeks izobrazbe",0.476
"234","Cambodia","Indeks zivljenja",0.763
"235","Cambodia","Indeks prihodka",0.541
"236","Cambodia","Indeks neenakosti",0.6
"237","Cambodia","Ekoloski indeks",0.98
"238","Cambodia","Indeks COVID",1
"239","Cambodia","Stari HDI",0.58
"240","Cambodia","Novi HDI",0.7
"241","Cameroon","Indeks izobrazbe",0.564
"242","Cameroon","Indeks zivljenja",0.599
"243","Cameroon","Indeks prihodka",0.528
"244","Cameroon","Indeks neenakosti",0.25
"245","Cameroon","Ekoloski indeks",0.99
"246","Cameroon","Indeks COVID",0.99
"247","Cameroon","Stari HDI",0.56
"248","Cameroon","Novi HDI",0.59
"249","Canada","Indeks izobrazbe",0.891
"250","Canada","Indeks zivljenja",0.959
"251","Canada","Indeks prihodka",0.918
"252","Canada","Indeks neenakosti",0.88
"253","Canada","Ekoloski indeks",0.6
"254","Canada","Indeks COVID",0.86
"255","Canada","Stari HDI",0.92
"256","Canada","Novi HDI",0.84
"257","Central African Republic","Indeks izobrazbe",0.353
"258","Central African Republic","Indeks zivljenja",0.505
"259","Central African Republic","Indeks prihodka",0.31
"260","Central African Republic","Indeks neenakosti",0.07
"261","Central African Republic","Ekoloski indeks",1
"262","Central African Republic","Indeks COVID",0.99
"263","Central African Republic","Stari HDI",0.38
"264","Central African Republic","Novi HDI",0.4
"265","Chad","Indeks izobrazbe",0.288
"266","Chad","Indeks zivljenja",0.523
"267","Chad","Indeks prihodka",0.429
"268","Chad","Indeks neenakosti",0.17
"269","Chad","Ekoloski indeks",1
"270","Chad","Indeks COVID",1
"271","Chad","Stari HDI",0.4
"272","Chad","Novi HDI",0.47
"273","Chile","Indeks izobrazbe",0.807
"274","Chile","Indeks zivljenja",0.924
"275","Chile","Indeks prihodka",0.815
"276","Chile","Indeks neenakosti",0.6
"277","Chile","Ekoloski indeks",0.88
"278","Chile","Indeks COVID",0.7
"279","Chile","Stari HDI",0.85
"280","Chile","Novi HDI",0.78
"281","China","Indeks izobrazbe",0.649
"282","China","Indeks zivljenja",0.872
"283","China","Indeks prihodka",0.768
"284","China","Indeks neenakosti",0.7
"285","China","Ekoloski indeks",0.81
"286","China","Indeks COVID",1
"287","China","Stari HDI",0.76
"288","China","Novi HDI",0.79
"289","Colombia","Indeks izobrazbe",0.683
"290","Colombia","Indeks zivljenja",0.879
"291","Colombia","Indeks prihodka",0.734
"292","Colombia","Indeks neenakosti",0.54
"293","Colombia","Ekoloski indeks",0.95
"294","Colombia","Indeks COVID",0.69
"295","Colombia","Stari HDI",0.76
"296","Colombia","Novi HDI",0.73
"297","Comoros","Indeks izobrazbe",0.476
"298","Comoros","Indeks zivljenja",0.679
"299","Comoros","Indeks prihodka",0.482
"300","Comoros","Indeks neenakosti",0.01
"301","Comoros","Ekoloski indeks",0.99
"302","Comoros","Indeks COVID",0.99
"303","Comoros","Stari HDI",0.54
"304","Comoros","Novi HDI",0.34
"305","Congo","Indeks izobrazbe",0.539
"306","Congo","Indeks zivljenja",0.681
"307","Congo","Indeks prihodka",0.613
"308","Congo","Indeks neenakosti",0.48
"309","Congo","Ekoloski indeks",0.98
"310","Congo","Indeks COVID",0.99
"311","Congo","Stari HDI",0.61
"312","Congo","Novi HDI",0.69
"313","Costa Rica","Indeks izobrazbe",0.716
"314","Costa Rica","Indeks zivljenja",0.925
"315","Costa Rica","Indeks prihodka",0.755
"316","Costa Rica","Indeks neenakosti",0.63
"317","Costa Rica","Ekoloski indeks",0.96
"318","Costa Rica","Indeks COVID",0.68
"319","Costa Rica","Stari HDI",0.79
"320","Costa Rica","Novi HDI",0.77
"321","Croatia","Indeks izobrazbe",0.796
"322","Croatia","Indeks zivljenja",0.898
"323","Croatia","Indeks prihodka",0.822
"324","Croatia","Indeks neenakosti",0.89
"325","Croatia","Ekoloski indeks",0.88
"326","Croatia","Indeks COVID",0.5
"327","Croatia","Stari HDI",0.84
"328","Croatia","Novi HDI",0.78
"329","Cuba","Indeks izobrazbe",0.791
"330","Cuba","Indeks zivljenja",0.903
"331","Cuba","Indeks prihodka",0.658
"332","Cuba","Indeks neenakosti",0.01
"333","Cuba","Ekoloski indeks",0.93
"334","Cuba","Indeks COVID",0.99
"335","Cuba","Stari HDI",0.78
"336","Cuba","Novi HDI",0.4
"337","Cyprus","Indeks izobrazbe",0.811
"338","Cyprus","Indeks zivljenja",0.936
"339","Cyprus","Indeks prihodka",0.876
"340","Cyprus","Indeks neenakosti",0.85
"341","Cyprus","Ekoloski indeks",0.83
"342","Cyprus","Indeks COVID",0.75
"343","Cyprus","Stari HDI",0.87
"344","Cyprus","Novi HDI",0.84
"345","Czechia","Indeks izobrazbe",0.892
"346","Czechia","Indeks zivljenja",0.911
"347","Czechia","Indeks prihodka",0.869
"348","Czechia","Indeks neenakosti",0.98
"349","Czechia","Ekoloski indeks",0.01
"350","Czechia","Indeks COVID",0.34
"351","Czechia","Stari HDI",0.89
"352","Czechia","Novi HDI",0.36
"353","Côte d'Ivoire","Indeks izobrazbe",0.441
"354","Côte d'Ivoire","Indeks zivljenja",0.576
"355","Côte d'Ivoire","Indeks prihodka",0.541
"356","Côte d'Ivoire","Indeks neenakosti",0.23
"357","Côte d'Ivoire","Ekoloski indeks",0.01
"358","Côte d'Ivoire","Indeks COVID",0.01
"359","Côte d'Ivoire","Stari HDI",0.52
"360","Côte d'Ivoire","Novi HDI",0.12
"361","Denmark","Indeks izobrazbe",0.92
"362","Denmark","Indeks zivljenja",0.935
"363","Denmark","Indeks prihodka",0.935
"364","Denmark","Indeks neenakosti",0.94
"365","Denmark","Ekoloski indeks",0.84
"366","Denmark","Indeks COVID",0.73
"367","Denmark","Stari HDI",0.93
"368","Denmark","Novi HDI",0.88
"369","Djibouti","Indeks izobrazbe",0.313
"370","Djibouti","Indeks zivljenja",0.717
"371","Djibouti","Indeks prihodka",0.541
"372","Djibouti","Indeks neenakosti",0.01
"373","Djibouti","Ekoloski indeks",0.98
"374","Djibouti","Indeks COVID",0.94
"375","Djibouti","Stari HDI",0.5
"376","Djibouti","Novi HDI",0.32
"377","Dominica","Indeks izobrazbe",0.62
"378","Dominica","Indeks zivljenja",0.894
"379","Dominica","Indeks prihodka",0.684
"380","Dominica","Indeks neenakosti",0.01
"381","Dominica","Ekoloski indeks",0.93
"382","Dominica","Indeks COVID",0.99
"383","Dominica","Stari HDI",0.72
"384","Dominica","Novi HDI",0.39
"385","Dominican Republic","Indeks izobrazbe",0.657
"386","Dominican Republic","Indeks zivljenja",0.829
"387","Dominican Republic","Indeks prihodka",0.758
"388","Dominican Republic","Indeks neenakosti",0.56
"389","Dominican Republic","Ekoloski indeks",0.94
"390","Dominican Republic","Indeks COVID",0.84
"391","Dominican Republic","Stari HDI",0.74
"392","Dominican Republic","Novi HDI",0.75
"393","Ecuador","Indeks izobrazbe",0.714
"394","Ecuador","Indeks zivljenja",0.874
"395","Ecuador","Indeks prihodka",0.698
"396","Ecuador","Indeks neenakosti",0.61
"397","Ecuador","Ekoloski indeks",0.94
"398","Ecuador","Indeks COVID",0.88
"399","Ecuador","Stari HDI",0.76
"400","Ecuador","Novi HDI",0.78
"401","Egypt","Indeks izobrazbe",0.608
"402","Egypt","Indeks zivljenja",0.797
"403","Egypt","Indeks prihodka",0.706
"404","Egypt","Indeks neenakosti",0.38
"405","Egypt","Ekoloski indeks",0.94
"406","Egypt","Indeks COVID",0.99
"407","Egypt","Stari HDI",0.7
"408","Egypt","Novi HDI",0.7
"409","El Salvador","Indeks izobrazbe",0.566
"410","El Salvador","Indeks zivljenja",0.817
"411","El Salvador","Indeks prihodka",0.641
"412","El Salvador","Indeks neenakosti",0.56
"413","El Salvador","Ekoloski indeks",0.97
"414","El Salvador","Indeks COVID",0.93
"415","El Salvador","Stari HDI",0.67
"416","El Salvador","Novi HDI",0.73
"417","Equatorial Guinea","Indeks izobrazbe",0.441
"418","Equatorial Guinea","Indeks zivljenja",0.591
"419","Equatorial Guinea","Indeks prihodka",0.783
"420","Equatorial Guinea","Indeks neenakosti",0.01
"421","Equatorial Guinea","Ekoloski indeks",0.89
"422","Equatorial Guinea","Indeks COVID",0.97
"423","Equatorial Guinea","Stari HDI",0.59
"424","Equatorial Guinea","Novi HDI",0.35
"425","Eritrea","Indeks izobrazbe",0.269
"426","Eritrea","Indeks zivljenja",0.707
"427","Eritrea","Indeks prihodka",0.429
"428","Eritrea","Indeks neenakosti",0.01
"429","Eritrea","Ekoloski indeks",0.99
"430","Eritrea","Indeks COVID",1
"431","Eritrea","Stari HDI",0.43
"432","Eritrea","Novi HDI",0.31
"433","Estonia","Indeks izobrazbe",0.881
"434","Estonia","Indeks zivljenja",0.901
"435","Estonia","Indeks prihodka",0.863
"436","Estonia","Indeks neenakosti",0.91
"437","Estonia","Ekoloski indeks",0.61
"438","Estonia","Indeks COVID",0.79
"439","Estonia","Stari HDI",0.88
"440","Estonia","Novi HDI",0.82
"441","Eswatini","Indeks izobrazbe",0.541
"442","Eswatini","Indeks zivljenja",0.606
"443","Eswatini","Indeks prihodka",0.686
"444","Eswatini","Indeks neenakosti",0.37
"445","Eswatini","Ekoloski indeks",0.01
"446","Eswatini","Indeks COVID",0.92
"447","Eswatini","Stari HDI",0.61
"448","Eswatini","Novi HDI",0.3
"449","Ethiopia","Indeks izobrazbe",0.335
"450","Ethiopia","Indeks zivljenja",0.711
"451","Ethiopia","Indeks prihodka",0.435
"452","Ethiopia","Indeks neenakosti",0.42
"453","Ethiopia","Ekoloski indeks",1
"454","Ethiopia","Indeks COVID",0.99
"455","Ethiopia","Stari HDI",0.47
"456","Ethiopia","Novi HDI",0.59
"457","Fiji","Indeks izobrazbe",0.764
"458","Fiji","Indeks zivljenja",0.728
"459","Fiji","Indeks prihodka",0.682
"460","Fiji","Indeks neenakosti",0.01
"461","Fiji","Ekoloski indeks",0.94
"462","Fiji","Indeks COVID",1
"463","Fiji","Stari HDI",0.72
"464","Fiji","Novi HDI",0.39
"465","Finland","Indeks izobrazbe",0.915
"466","Finland","Indeks zivljenja",0.95
"467","Finland","Indeks prihodka",0.912
"468","Finland","Indeks neenakosti",0.96
"469","Finland","Ekoloski indeks",0.78
"470","Finland","Indeks COVID",0.94
"471","Finland","Stari HDI",0.93
"472","Finland","Novi HDI",0.91
"473","France","Indeks izobrazbe",0.811
"474","France","Indeks zivljenja",0.962
"475","France","Indeks prihodka",0.907
"476","France","Indeks neenakosti",0.86
"477","France","Ekoloski indeks",0.86
"478","France","Indeks COVID",0.63
"479","France","Stari HDI",0.89
"480","France","Novi HDI",0.83
"481","Gabon","Indeks izobrazbe",0.636
"482","Gabon","Indeks zivljenja",0.711
"483","Gabon","Indeks prihodka",0.765
"484","Gabon","Indeks neenakosti",0.53
"485","Gabon","Ekoloski indeks",0.93
"486","Gabon","Indeks COVID",0.96
"487","Gabon","Stari HDI",0.7
"488","Gabon","Novi HDI",0.74
"489","Gambia","Indeks izobrazbe",0.386
"490","Gambia","Indeks zivljenja",0.642
"491","Gambia","Indeks prihodka",0.408
"492","Gambia","Indeks neenakosti",0.19
"493","Gambia","Ekoloski indeks",0.99
"494","Gambia","Indeks COVID",0.98
"495","Gambia","Stari HDI",0.47
"496","Gambia","Novi HDI",0.51
"497","Georgia","Indeks izobrazbe",0.856
"498","Georgia","Indeks zivljenja",0.825
"499","Georgia","Indeks prihodka",0.689
"500","Georgia","Indeks neenakosti",0.8
"501","Georgia","Ekoloski indeks",0.93
"502","Georgia","Indeks COVID",0.41
"503","Georgia","Stari HDI",0.79
"504","Georgia","Novi HDI",0.73
"505","Germany","Indeks izobrazbe",0.946
"506","Germany","Indeks zivljenja",0.941
"507","Germany","Indeks prihodka",0.929
"508","Germany","Indeks neenakosti",0.89
"509","Germany","Ekoloski indeks",0.76
"510","Germany","Indeks COVID",0.8
"511","Germany","Stari HDI",0.94
"512","Germany","Novi HDI",0.87
"513","Ghana","Indeks izobrazbe",0.559
"514","Ghana","Indeks zivljenja",0.674
"515","Ghana","Indeks prihodka",0.561
"516","Ghana","Indeks neenakosti",0.4
"517","Ghana","Ekoloski indeks",0.98
"518","Ghana","Indeks COVID",0.98
"519","Ghana","Stari HDI",0.6
"520","Ghana","Novi HDI",0.66
"521","Greece","Indeks izobrazbe",0.833
"522","Greece","Indeks zivljenja",0.955
"523","Greece","Indeks prihodka",0.834
"524","Greece","Indeks neenakosti",0.8
"525","Greece","Ekoloski indeks",0.82
"526","Greece","Indeks COVID",0.88
"527","Greece","Stari HDI",0.87
"528","Greece","Novi HDI",0.85
"529","Grenada","Indeks izobrazbe",0.755
"530","Grenada","Indeks zivljenja",0.806
"531","Grenada","Indeks prihodka",0.732
"532","Grenada","Indeks neenakosti",0.01
"533","Grenada","Ekoloski indeks",0.94
"534","Grenada","Indeks COVID",0.99
"535","Grenada","Stari HDI",0.76
"536","Grenada","Novi HDI",0.4
"537","Guatemala","Indeks izobrazbe",0.511
"538","Guatemala","Indeks zivljenja",0.832
"539","Guatemala","Indeks prihodka",0.65
"540","Guatemala","Indeks neenakosti",0.43
"541","Guatemala","Ekoloski indeks",0.97
"542","Guatemala","Indeks COVID",0.92
"543","Guatemala","Stari HDI",0.65
"544","Guatemala","Novi HDI",0.69
"545","Guinea","Indeks izobrazbe",0.34
"546","Guinea","Indeks zivljenja",0.634
"547","Guinea","Indeks prihodka",0.468
"548","Guinea","Indeks neenakosti",0.3
"549","Guinea","Ekoloski indeks",0.99
"550","Guinea","Indeks COVID",0.99
"551","Guinea","Stari HDI",0.47
"552","Guinea","Novi HDI",0.56
"553","Guinea-Bissau","Indeks izobrazbe",0.402
"554","Guinea-Bissau","Indeks zivljenja",0.585
"555","Guinea-Bissau","Indeks prihodka",0.418
"556","Guinea-Bissau","Indeks neenakosti",0.17
"557","Guinea-Bissau","Ekoloski indeks",1
"558","Guinea-Bissau","Indeks COVID",0.99
"559","Guinea-Bissau","Stari HDI",0.46
"560","Guinea-Bissau","Novi HDI",0.5
"561","Guyana","Indeks izobrazbe",0.601
"562","Guyana","Indeks zivljenja",0.766
"563","Guyana","Indeks prihodka",0.654
"564","Guyana","Indeks neenakosti",0.64
"565","Guyana","Ekoloski indeks",0.92
"566","Guyana","Indeks COVID",0.92
"567","Guyana","Stari HDI",0.67
"568","Guyana","Novi HDI",0.74
"569","Haiti","Indeks izobrazbe",0.445
"570","Haiti","Indeks zivljenja",0.672
"571","Haiti","Indeks prihodka",0.425
"572","Haiti","Indeks neenakosti",0.1
"573","Haiti","Ekoloski indeks",0.99
"574","Haiti","Indeks COVID",0.99
"575","Haiti","Stari HDI",0.5
"576","Haiti","Novi HDI",0.48
"577","Honduras","Indeks izobrazbe",0.503
"578","Honduras","Indeks zivljenja",0.848
"579","Honduras","Indeks prihodka",0.567
"580","Honduras","Indeks neenakosti",0.47
"581","Honduras","Ekoloski indeks",0.97
"582","Honduras","Indeks COVID",0.87
"583","Honduras","Stari HDI",0.62
"584","Honduras","Novi HDI",0.68
"585","Hong Kong, China","Indeks izobrazbe",0.86
"586","Hong Kong, China","Indeks zivljenja",0.995
"587","Hong Kong, China","Indeks prihodka",0.967
"588","Hong Kong, China","Indeks neenakosti",0.78
"589","Hong Kong, China","Ekoloski indeks",0.01
"590","Hong Kong, China","Indeks COVID",0.01
"591","Hong Kong, China","Stari HDI",0.94
"592","Hong Kong, China","Novi HDI",0.2
"593","Hungary","Indeks izobrazbe",0.816
"594","Hungary","Indeks zivljenja",0.872
"595","Hungary","Indeks prihodka",0.846
"596","Hungary","Indeks neenakosti",0.9
"597","Hungary","Ekoloski indeks",0.87
"598","Hungary","Indeks COVID",0.68
"599","Hungary","Stari HDI",0.84
"600","Hungary","Novi HDI",0.83
"601","Iceland","Indeks izobrazbe",0.918
"602","Iceland","Indeks zivljenja",0.967
"603","Iceland","Indeks prihodka",0.931
"604","Iceland","Indeks neenakosti",0.95
"605","Iceland","Ekoloski indeks",0.72
"606","Iceland","Indeks COVID",0.85
"607","Iceland","Stari HDI",0.94
"608","Iceland","Novi HDI",0.89
"609","India","Indeks izobrazbe",0.558
"610","India","Indeks zivljenja",0.76
"611","India","Indeks prihodka",0.638
"612","India","Indeks neenakosti",0.67
"613","India","Ekoloski indeks",0.95
"614","India","Indeks COVID",0.93
"615","India","Stari HDI",0.65
"616","India","Novi HDI",0.74
"617","Indonesia","Indeks izobrazbe",0.625
"618","Indonesia","Indeks zivljenja",0.792
"619","Indonesia","Indeks prihodka",0.714
"620","Indonesia","Indeks neenakosti",0.66
"621","Indonesia","Ekoloski indeks",0.94
"622","Indonesia","Indeks COVID",0.97
"623","Indonesia","Stari HDI",0.71
"624","Indonesia","Novi HDI",0.77
"625","Iran","Indeks izobrazbe",0.743
"626","Iran","Indeks zivljenja",0.869
"627","Iran","Indeks prihodka",0.786
"628","Iran","Indeks neenakosti",0.81
"629","Iran","Ekoloski indeks",0.77
"630","Iran","Indeks COVID",0.86
"631","Iran","Stari HDI",0.8
"632","Iran","Novi HDI",0.81
"633","Iraq","Indeks izobrazbe",0.554
"634","Iraq","Indeks zivljenja",0.776
"635","Iraq","Indeks prihodka",0.761
"636","Iraq","Indeks neenakosti",0.61
"637","Iraq","Ekoloski indeks",0.86
"638","Iraq","Indeks COVID",0.86
"639","Iraq","Stari HDI",0.69
"640","Iraq","Novi HDI",0.73
"641","Ireland","Indeks izobrazbe",0.918
"642","Ireland","Indeks zivljenja",0.955
"643","Ireland","Indeks prihodka",0.955
"644","Ireland","Indeks neenakosti",0.91
"645","Ireland","Ekoloski indeks",0.79
"646","Ireland","Indeks COVID",0.82
"647","Ireland","Stari HDI",0.94
"648","Ireland","Novi HDI",0.89
"649","Israel","Indeks izobrazbe",0.876
"650","Israel","Indeks zivljenja",0.966
"651","Israel","Indeks prihodka",0.879
"652","Israel","Indeks neenakosti",0.84
"653","Israel","Ekoloski indeks",0.8
"654","Israel","Indeks COVID",0.58
"655","Israel","Stari HDI",0.91
"656","Israel","Novi HDI",0.81
"657","Italy","Indeks izobrazbe",0.793
"658","Italy","Indeks zivljenja",0.975
"659","Italy","Indeks prihodka",0.89
"660","Italy","Indeks neenakosti",0.8
"661","Italy","Ekoloski indeks",0.85
"662","Italy","Indeks COVID",0.66
"663","Italy","Stari HDI",0.88
"664","Italy","Novi HDI",0.82
"665","Jamaica","Indeks izobrazbe",0.692
"666","Jamaica","Indeks zivljenja",0.836
"667","Jamaica","Indeks prihodka",0.661
"668","Jamaica","Indeks neenakosti",0.7
"669","Jamaica","Ekoloski indeks",0.93
"670","Jamaica","Indeks COVID",0.95
"671","Jamaica","Stari HDI",0.73
"672","Jamaica","Novi HDI",0.79
"673","Japan","Indeks izobrazbe",0.85
"674","Japan","Indeks zivljenja",0.992
"675","Japan","Indeks prihodka",0.908
"676","Japan","Indeks neenakosti",1
"677","Japan","Ekoloski indeks",0.76
"678","Japan","Indeks COVID",0.98
"679","Japan","Stari HDI",0.91
"680","Japan","Novi HDI",0.91
"681","Jordan","Indeks izobrazbe",0.678
"682","Jordan","Indeks zivljenja",0.837
"683","Jordan","Indeks prihodka",0.667
"684","Jordan","Indeks neenakosti",0.73
"685","Jordan","Ekoloski indeks",0.94
"686","Jordan","Indeks COVID",0.74
"687","Jordan","Stari HDI",0.72
"688","Jordan","Novi HDI",0.76
"689","Kazakhstan","Indeks izobrazbe",0.817
"690","Kazakhstan","Indeks zivljenja",0.819
"691","Kazakhstan","Indeks prihodka",0.816
"692","Kazakhstan","Indeks neenakosti",0.91
"693","Kazakhstan","Ekoloski indeks",0.54
"694","Kazakhstan","Indeks COVID",0.9
"695","Kazakhstan","Stari HDI",0.82
"696","Kazakhstan","Novi HDI",0.79
"697","Kenya","Indeks izobrazbe",0.526
"698","Kenya","Indeks zivljenja",0.713
"699","Kenya","Indeks prihodka",0.516
"700","Kenya","Indeks neenakosti",0.44
"701","Kenya","Ekoloski indeks",0.99
"702","Kenya","Indeks COVID",0.98
"703","Kenya","Stari HDI",0.58
"704","Kenya","Novi HDI",0.66
"705","Kiribati","Indeks izobrazbe",0.59
"706","Kiribati","Indeks zivljenja",0.74
"707","Kiribati","Indeks prihodka",0.554
"708","Kiribati","Indeks neenakosti",0.01
"709","Kiribati","Ekoloski indeks",0.98
"710","Kiribati","Indeks COVID",1
"711","Kiribati","Stari HDI",0.62
"712","Kiribati","Novi HDI",0.37
"713","South Korea","Indeks izobrazbe",0.862
"714","South Korea","Indeks zivljenja",0.801
"715","South Korea","Indeks prihodka",0.892
"716","South Korea","Indeks neenakosti",0.75
"717","South Korea","Ekoloski indeks",0.01
"718","South Korea","Indeks COVID",0.01
"719","South Korea","Stari HDI",0.85
"720","South Korea","Novi HDI",0.19
"721","Kuwait","Indeks izobrazbe",0.625
"722","Kuwait","Indeks zivljenja",0.852
"723","Kuwait","Indeks prihodka",0.992
"724","Kuwait","Indeks neenakosti",0.01
"725","Kuwait","Ekoloski indeks",0.38
"726","Kuwait","Indeks COVID",0.68
"727","Kuwait","Stari HDI",0.81
"728","Kuwait","Novi HDI",0.33
"729","Kyrgyzstan","Indeks izobrazbe",0.734
"730","Kyrgyzstan","Indeks zivljenja",0.79
"731","Kyrgyzstan","Indeks prihodka",0.529
"732","Kyrgyzstan","Indeks neenakosti",0.85
"733","Kyrgyzstan","Ekoloski indeks",0.96
"734","Kyrgyzstan","Indeks COVID",0.88
"735","Kyrgyzstan","Stari HDI",0.67
"736","Kyrgyzstan","Novi HDI",0.78
"737","Lao People's Democratic Republic","Indeks izobrazbe",0.481
"738","Lao People's Democratic Republic","Indeks zivljenja",0.732
"739","Lao People's Democratic Republic","Indeks prihodka",0.626
"740","Lao People's Democratic Republic","Indeks neenakosti",0.48
"741","Lao People's Democratic Republic","Ekoloski indeks",0.01
"742","Lao People's Democratic Republic","Indeks COVID",0.01
"743","Lao People's Democratic Republic","Stari HDI",0.6
"744","Lao People's Democratic Republic","Novi HDI",0.15
"745","Latvia","Indeks izobrazbe",0.871
"746","Latvia","Indeks zivljenja",0.849
"747","Latvia","Indeks prihodka",0.842
"748","Latvia","Indeks neenakosti",0.87
"749","Latvia","Ekoloski indeks",0.9
"750","Latvia","Indeks COVID",0.79
"751","Latvia","Stari HDI",0.85
"752","Latvia","Novi HDI",0.85
"753","Lebanon","Indeks izobrazbe",0.604
"754","Lebanon","Indeks zivljenja",0.906
"755","Lebanon","Indeks prihodka",0.712
"756","Lebanon","Indeks neenakosti",0.01
"757","Lebanon","Ekoloski indeks",0.91
"758","Lebanon","Indeks COVID",0.74
"759","Lebanon","Stari HDI",0.73
"760","Lebanon","Novi HDI",0.37
"761","Lesotho","Indeks izobrazbe",0.51
"762","Lesotho","Indeks zivljenja",0.519
"763","Lesotho","Indeks prihodka",0.526
"764","Lesotho","Indeks neenakosti",0.3
"765","Lesotho","Ekoloski indeks",0.97
"766","Lesotho","Indeks COVID",0.99
"767","Lesotho","Stari HDI",0.52
"768","Lesotho","Novi HDI",0.59
"769","Liberia","Indeks izobrazbe",0.422
"770","Liberia","Indeks zivljenja",0.673
"771","Liberia","Indeks prihodka",0.354
"772","Liberia","Indeks neenakosti",0.31
"773","Liberia","Ekoloski indeks",0.99
"774","Liberia","Indeks COVID",1
"775","Liberia","Stari HDI",0.46
"776","Liberia","Novi HDI",0.56
"777","Libya","Indeks izobrazbe",0.607
"778","Libya","Indeks zivljenja",0.811
"779","Libya","Indeks prihodka",0.719
"780","Libya","Indeks neenakosti",0.01
"781","Libya","Ekoloski indeks",0.79
"782","Libya","Indeks COVID",0.86
"783","Libya","Stari HDI",0.71
"784","Libya","Novi HDI",0.37
"785","Liechtenstein","Indeks izobrazbe",0.827
"786","Liechtenstein","Indeks zivljenja",0.931
"787","Liechtenstein","Indeks prihodka",1
"788","Liechtenstein","Indeks neenakosti",0.01
"789","Liechtenstein","Ekoloski indeks",0.89
"790","Liechtenstein","Indeks COVID",0.45
"791","Liechtenstein","Stari HDI",0.92
"792","Liechtenstein","Novi HDI",0.38
"793","Lithuania","Indeks izobrazbe",0.89
"794","Lithuania","Indeks zivljenja",0.858
"795","Lithuania","Indeks prihodka",0.86
"796","Lithuania","Indeks neenakosti",0.83
"797","Lithuania","Ekoloski indeks",0.87
"798","Lithuania","Indeks COVID",0.5
"799","Lithuania","Stari HDI",0.87
"800","Lithuania","Novi HDI",0.79
"801","Luxembourg","Indeks izobrazbe",0.802
"802","Luxembourg","Indeks zivljenja",0.955
"803","Luxembourg","Indeks prihodka",0.98
"804","Luxembourg","Indeks neenakosti",0.86
"805","Luxembourg","Ekoloski indeks",0.58
"806","Luxembourg","Indeks COVID",0.28
"807","Luxembourg","Stari HDI",0.91
"808","Luxembourg","Novi HDI",0.69
"809","Madagascar","Indeks izobrazbe",0.493
"810","Madagascar","Indeks zivljenja",0.718
"811","Madagascar","Indeks prihodka",0.399
"812","Madagascar","Indeks neenakosti",0.46
"813","Madagascar","Ekoloski indeks",1
"814","Madagascar","Indeks COVID",0.99
"815","Madagascar","Stari HDI",0.52
"816","Madagascar","Novi HDI",0.63
"817","Malawi","Indeks izobrazbe",0.459
"818","Malawi","Indeks zivljenja",0.674
"819","Malawi","Indeks prihodka",0.37
"820","Malawi","Indeks neenakosti",0.38
"821","Malawi","Ekoloski indeks",1
"822","Malawi","Indeks COVID",1
"823","Malawi","Stari HDI",0.49
"824","Malawi","Novi HDI",0.59
"825","Malaysia","Indeks izobrazbe",0.713
"826","Malaysia","Indeks zivljenja",0.862
"827","Malaysia","Indeks prihodka",0.847
"828","Malaysia","Indeks neenakosti",0.01
"829","Malaysia","Ekoloski indeks",0.79
"830","Malaysia","Indeks COVID",0.97
"831","Malaysia","Stari HDI",0.8
"832","Malaysia","Novi HDI",0.4
"833","Maldives","Indeks izobrazbe",0.564
"834","Maldives","Indeks zivljenja",0.902
"835","Maldives","Indeks prihodka",0.73
"836","Maldives","Indeks neenakosti",0.59
"837","Maldives","Ekoloski indeks",0.92
"838","Maldives","Indeks COVID",0.65
"839","Maldives","Stari HDI",0.72
"840","Maldives","Novi HDI",0.71
"841","Mali","Indeks izobrazbe",0.29
"842","Mali","Indeks zivljenja",0.598
"843","Mali","Indeks prihodka",0.45
"844","Mali","Indeks neenakosti",0.34
"845","Mali","Ekoloski indeks",1
"846","Mali","Indeks COVID",1
"847","Mali","Stari HDI",0.43
"848","Mali","Novi HDI",0.55
"849","Malta","Indeks izobrazbe",0.818
"850","Malta","Indeks zivljenja",0.96
"851","Malta","Indeks prihodka",0.884
"852","Malta","Indeks neenakosti",0.89
"853","Malta","Ekoloski indeks",0.91
"854","Malta","Indeks COVID",0.76
"855","Malta","Stari HDI",0.89
"856","Malta","Novi HDI",0.87
"857","Marshall Islands","Indeks izobrazbe",0.707
"858","Marshall Islands","Indeks zivljenja",0.829
"859","Marshall Islands","Indeks prihodka",0.579
"860","Marshall Islands","Indeks neenakosti",0.01
"861","Marshall Islands","Ekoloski indeks",0.93
"862","Marshall Islands","Indeks COVID",1
"863","Marshall Islands","Stari HDI",0.7
"864","Marshall Islands","Novi HDI",0.38
"865","Mauritania","Indeks izobrazbe",0.389
"866","Mauritania","Indeks zivljenja",0.688
"867","Mauritania","Indeks prihodka",0.547
"868","Mauritania","Indeks neenakosti",0.31
"869","Mauritania","Ekoloski indeks",0.98
"870","Mauritania","Indeks COVID",0.97
"871","Mauritania","Stari HDI",0.53
"872","Mauritania","Novi HDI",0.59
"873","Mauritius","Indeks izobrazbe",0.73
"874","Mauritius","Indeks zivljenja",0.844
"875","Mauritius","Indeks prihodka",0.82
"876","Mauritius","Indeks neenakosti",0.75
"877","Mauritius","Ekoloski indeks",0.9
"878","Mauritius","Indeks COVID",1
"879","Mauritius","Stari HDI",0.8
"880","Mauritius","Novi HDI",0.84
"881","Mexico","Indeks izobrazbe",0.684
"882","Mexico","Indeks zivljenja",0.846
"883","Mexico","Indeks prihodka",0.781
"884","Mexico","Indeks neenakosti",0.55
"885","Mexico","Ekoloski indeks",0.9
"886","Mexico","Indeks COVID",0.89
"887","Mexico","Stari HDI",0.77
"888","Mexico","Novi HDI",0.76
"889","Micronesia","Indeks izobrazbe",0.578
"890","Micronesia","Indeks zivljenja",0.735
"891","Micronesia","Indeks prihodka",0.545
"892","Micronesia","Indeks neenakosti",0.01
"893","Micronesia","Ekoloski indeks",0.01
"894","Micronesia","Indeks COVID",1
"895","Micronesia","Stari HDI",0.61
"896","Micronesia","Novi HDI",0.17
"897","Moldova","Indeks izobrazbe",0.708
"898","Moldova","Indeks zivljenja",0.797
"899","Moldova","Indeks prihodka",0.638
"900","Moldova","Indeks neenakosti",0.83
"901","Moldova","Ekoloski indeks",0.97
"902","Moldova","Indeks COVID",0.47
"903","Moldova","Stari HDI",0.71
"904","Moldova","Novi HDI",0.72
"905","Mongolia","Indeks izobrazbe",0.734
"906","Mongolia","Indeks zivljenja",0.764
"907","Mongolia","Indeks prihodka",0.707
"908","Mongolia","Indeks neenakosti",0.75
"909","Mongolia","Ekoloski indeks",0.77
"910","Mongolia","Indeks COVID",1
"911","Mongolia","Stari HDI",0.73
"912","Mongolia","Novi HDI",0.78
"913","Montenegro","Indeks izobrazbe",0.797
"914","Montenegro","Indeks zivljenja",0.873
"915","Montenegro","Indeks prihodka",0.78
"916","Montenegro","Indeks neenakosti",0.88
"917","Montenegro","Ekoloski indeks",0.92
"918","Montenegro","Indeks COVID",0.25
"919","Montenegro","Stari HDI",0.82
"920","Montenegro","Novi HDI",0.69
"921","Morocco","Indeks izobrazbe",0.547
"922","Morocco","Indeks zivljenja",0.869
"923","Morocco","Indeks prihodka",0.652
"924","Morocco","Indeks neenakosti",0.01
"925","Morocco","Ekoloski indeks",0.95
"926","Morocco","Indeks COVID",0.88
"927","Morocco","Stari HDI",0.68
"928","Morocco","Novi HDI",0.37
"929","Mozambique","Indeks izobrazbe",0.389
"930","Mozambique","Indeks zivljenja",0.618
"931","Mozambique","Indeks prihodka",0.369
"932","Mozambique","Indeks neenakosti",0.33
"933","Mozambique","Ekoloski indeks",0.99
"934","Mozambique","Indeks COVID",0.99
"935","Mozambique","Stari HDI",0.45
"936","Mozambique","Novi HDI",0.55
"937","Myanmar","Indeks izobrazbe",0.452
"938","Myanmar","Indeks zivljenja",0.721
"939","Myanmar","Indeks prihodka",0.612
"940","Myanmar","Indeks neenakosti",0.52
"941","Myanmar","Ekoloski indeks",0.99
"942","Myanmar","Indeks COVID",0.98
"943","Myanmar","Stari HDI",0.58
"944","Myanmar","Novi HDI",0.68
"945","Namibia","Indeks izobrazbe",0.582
"946","Namibia","Indeks zivljenja",0.667
"947","Namibia","Indeks prihodka",0.691
"948","Namibia","Indeks neenakosti",0.26
"949","Namibia","Ekoloski indeks",0.95
"950","Namibia","Indeks COVID",0.91
"951","Namibia","Stari HDI",0.64
"952","Namibia","Novi HDI",0.63
"953","Nepal","Indeks izobrazbe",0.501
"954","Nepal","Indeks zivljenja",0.777
"955","Nepal","Indeks prihodka",0.501
"956","Nepal","Indeks neenakosti",0.48
"957","Nepal","Ekoloski indeks",0.99
"958","Nepal","Indeks COVID",0.92
"959","Nepal","Stari HDI",0.58
"960","Nepal","Novi HDI",0.66
"961","Netherlands","Indeks izobrazbe",0.906
"962","Netherlands","Indeks zivljenja",0.956
"963","Netherlands","Indeks prihodka",0.939
"964","Netherlands","Indeks neenakosti",0.92
"965","Netherlands","Ekoloski indeks",0.75
"966","Netherlands","Indeks COVID",0.56
"967","Netherlands","Stari HDI",0.93
"968","Netherlands","Novi HDI",0.82
"969","New Zealand","Indeks izobrazbe",0.923
"970","New Zealand","Indeks zivljenja",0.956
"971","New Zealand","Indeks prihodka",0.885
"972","New Zealand","Indeks neenakosti",0.86
"973","New Zealand","Ekoloski indeks",0.81
"974","New Zealand","Indeks COVID",1
"975","New Zealand","Stari HDI",0.92
"976","New Zealand","Novi HDI",0.9
"977","Nicaragua","Indeks izobrazbe",0.566
"978","Nicaragua","Indeks zivljenja",0.835
"979","Nicaragua","Indeks prihodka",0.584
"980","Nicaragua","Indeks neenakosti",0.53
"981","Nicaragua","Ekoloski indeks",0.98
"982","Nicaragua","Indeks COVID",0.99
"983","Nicaragua","Stari HDI",0.65
"984","Nicaragua","Novi HDI",0.72
"985","Niger","Indeks izobrazbe",0.247
"986","Niger","Indeks zivljenja",0.647
"987","Niger","Indeks prihodka",0.334
"988","Niger","Indeks neenakosti",0.41
"989","Niger","Ekoloski indeks",1
"990","Niger","Indeks COVID",1
"991","Niger","Stari HDI",0.38
"992","Niger","Novi HDI",0.53
"993","Nigeria","Indeks izobrazbe",0.486
"994","Nigeria","Indeks zivljenja",0.528
"995","Nigeria","Indeks prihodka",0.594
"996","Nigeria","Indeks neenakosti",0.24
"997","Nigeria","Ekoloski indeks",0.98
"998","Nigeria","Indeks COVID",1
"999","Nigeria","Stari HDI",0.53
"1000","Nigeria","Novi HDI",0.57
"1001","North Macedonia","Indeks izobrazbe",0.697
"1002","North Macedonia","Indeks zivljenja",0.857
"1003","North Macedonia","Indeks prihodka",0.734
"1004","North Macedonia","Indeks neenakosti",0.77
"1005","North Macedonia","Ekoloski indeks",0.01
"1006","North Macedonia","Indeks COVID",0.61
"1007","North Macedonia","Stari HDI",0.76
"1008","North Macedonia","Novi HDI",0.36
"1009","Norway","Indeks izobrazbe",0.919
"1010","Norway","Indeks zivljenja",0.958
"1011","Norway","Indeks prihodka",0.985
"1012","Norway","Indeks neenakosti",0.92
"1013","Norway","Ekoloski indeks",0.78
"1014","Norway","Indeks COVID",0.91
"1015","Norway","Stari HDI",0.95
"1016","Norway","Novi HDI",0.91
"1017","Oman","Indeks izobrazbe",0.732
"1018","Oman","Indeks zivljenja",0.887
"1019","Oman","Indeks prihodka",0.893
"1020","Oman","Indeks neenakosti",0.79
"1021","Oman","Ekoloski indeks",0.63
"1022","Oman","Indeks COVID",0.72
"1023","Oman","Stari HDI",0.83
"1024","Oman","Novi HDI",0.77
"1025","Pakistan","Indeks izobrazbe",0.407
"1026","Pakistan","Indeks zivljenja",0.725
"1027","Pakistan","Indeks prihodka",0.597
"1028","Pakistan","Indeks neenakosti",0.34
"1029","Pakistan","Ekoloski indeks",0.97
"1030","Pakistan","Indeks COVID",0.98
"1031","Pakistan","Stari HDI",0.56
"1032","Pakistan","Novi HDI",0.62
"1033","Palau","Indeks izobrazbe",0.845
"1034","Palau","Indeks zivljenja",0.826
"1035","Palau","Indeks prihodka",0.773
"1036","Palau","Indeks neenakosti",0.01
"1037","Palau","Ekoloski indeks",0.66
"1038","Palau","Indeks COVID",1
"1039","Palau","Stari HDI",0.81
"1040","Palau","Novi HDI",0.39
"1041","Palestine, State of","Indeks izobrazbe",0.66
"1042","Palestine, State of","Indeks zivljenja",0.829
"1043","Palestine, State of","Indeks prihodka",0.6
"1044","Palestine, State of","Indeks neenakosti",0.76
"1045","Palestine, State of","Ekoloski indeks",0.01
"1046","Palestine, State of","Indeks COVID",0.01
"1047","Palestine, State of","Stari HDI",0.69
"1048","Palestine, State of","Novi HDI",0.17
"1049","Panama","Indeks izobrazbe",0.697
"1050","Panama","Indeks zivljenja",0.897
"1051","Panama","Indeks prihodka",0.804
"1052","Panama","Indeks neenakosti",0.59
"1053","Panama","Ekoloski indeks",0.93
"1054","Panama","Indeks COVID",0.45
"1055","Panama","Stari HDI",0.8
"1056","Panama","Novi HDI",0.71
"1057","Papua New Guinea","Indeks izobrazbe",0.432
"1058","Papua New Guinea","Indeks zivljenja",0.681
"1059","Papua New Guinea","Indeks prihodka",0.545
"1060","Papua New Guinea","Indeks neenakosti",0.01
"1061","Papua New Guinea","Ekoloski indeks",0.98
"1062","Papua New Guinea","Indeks COVID",1
"1063","Papua New Guinea","Stari HDI",0.54
"1064","Papua New Guinea","Novi HDI",0.34
"1065","Paraguay","Indeks izobrazbe",0.634
"1066","Paraguay","Indeks zivljenja",0.833
"1067","Paraguay","Indeks prihodka",0.72
"1068","Paraguay","Indeks neenakosti",0.55
"1069","Paraguay","Ekoloski indeks",0.97
"1070","Paraguay","Indeks COVID",0.86
"1071","Paraguay","Stari HDI",0.72
"1072","Paraguay","Novi HDI",0.75
"1073","Peru","Indeks izobrazbe",0.692
"1074","Peru","Indeks zivljenja",0.869
"1075","Peru","Indeks prihodka",0.727
"1076","Peru","Indeks neenakosti",0.62
"1077","Peru","Ekoloski indeks",0.95
"1078","Peru","Indeks COVID",0.7
"1079","Peru","Stari HDI",0.76
"1080","Peru","Novi HDI",0.75
"1081","Philippines","Indeks izobrazbe",0.667
"1082","Philippines","Indeks zivljenja",0.786
"1083","Philippines","Indeks prihodka",0.689
"1084","Philippines","Indeks neenakosti",0.65
"1085","Philippines","Ekoloski indeks",0.97
"1086","Philippines","Indeks COVID",0.96
"1087","Philippines","Stari HDI",0.71
"1088","Philippines","Novi HDI",0.78
"1089","Poland","Indeks izobrazbe",0.866
"1090","Poland","Indeks zivljenja",0.901
"1091","Poland","Indeks prihodka",0.849
"1092","Poland","Indeks neenakosti",0.89
"1093","Poland","Ekoloski indeks",0.76
"1094","Poland","Indeks COVID",0.67
"1095","Poland","Stari HDI",0.87
"1096","Poland","Novi HDI",0.82
"1097","Portugal","Indeks izobrazbe",0.759
"1098","Portugal","Indeks zivljenja",0.952
"1099","Portugal","Indeks prihodka",0.851
"1100","Portugal","Indeks neenakosti",0.78
"1101","Portugal","Ekoloski indeks",0.87
"1102","Portugal","Indeks COVID",0.61
"1103","Portugal","Stari HDI",0.85
"1104","Portugal","Novi HDI",0.8
"1105","Qatar","Indeks izobrazbe",0.661
"1106","Qatar","Indeks zivljenja",0.925
"1107","Qatar","Indeks prihodka",1
"1108","Qatar","Indeks neenakosti",0.01
"1109","Qatar","Ekoloski indeks",0.01
"1110","Qatar","Indeks COVID",0.49
"1111","Qatar","Stari HDI",0.85
"1112","Qatar","Novi HDI",0.18
"1113","Romania","Indeks izobrazbe",0.762
"1114","Romania","Indeks zivljenja",0.86
"1115","Romania","Indeks prihodka",0.827
"1116","Romania","Indeks neenakosti",0.82
"1117","Romania","Ekoloski indeks",0.9
"1118","Romania","Indeks COVID",0.68
"1119","Romania","Stari HDI",0.82
"1120","Romania","Novi HDI",0.8
"1121","Russian Federation","Indeks izobrazbe",0.832
"1122","Russian Federation","Indeks zivljenja",0.806
"1123","Russian Federation","Indeks prihodka",0.834
"1124","Russian Federation","Indeks neenakosti",0.85
"1125","Russian Federation","Ekoloski indeks",0.01
"1126","Russian Federation","Indeks COVID",0.79
"1127","Russian Federation","Stari HDI",0.82
"1128","Russian Federation","Novi HDI",0.39
"1129","Rwanda","Indeks izobrazbe",0.457
"1130","Rwanda","Indeks zivljenja",0.749
"1131","Rwanda","Indeks prihodka",0.449
"1132","Rwanda","Indeks neenakosti",0.39
"1133","Rwanda","Ekoloski indeks",1
"1134","Rwanda","Indeks COVID",0.99
"1135","Rwanda","Stari HDI",0.54
"1136","Rwanda","Novi HDI",0.62
"1137","Saint Kitts and Nevis","Indeks izobrazbe",0.661
"1138","Saint Kitts and Nevis","Indeks zivljenja",0.839
"1139","Saint Kitts and Nevis","Indeks prihodka",0.844
"1140","Saint Kitts and Nevis","Indeks neenakosti",0.01
"1141","Saint Kitts and Nevis","Ekoloski indeks",0.88
"1142","Saint Kitts and Nevis","Indeks COVID",0.99
"1143","Saint Kitts and Nevis","Stari HDI",0.78
"1144","Saint Kitts and Nevis","Novi HDI",0.4
"1145","Saint Lucia","Indeks izobrazbe",0.668
"1146","Saint Lucia","Indeks zivljenja",0.862
"1147","Saint Lucia","Indeks prihodka",0.717
"1148","Saint Lucia","Indeks neenakosti",0.67
"1149","Saint Lucia","Ekoloski indeks",0.94
"1150","Saint Lucia","Indeks COVID",0.98
"1151","Saint Lucia","Stari HDI",0.74
"1152","Saint Lucia","Novi HDI",0.8
"1153","Saint Vincent and the Grenadines","Indeks izobrazbe",0.664
"1154","Saint Vincent and the Grenadines","Indeks zivljenja",0.806
"1155","Saint Vincent and the Grenadines","Indeks prihodka",0.72
"1156","Saint Vincent and the Grenadines","Indeks neenakosti",0.01
"1157","Saint Vincent and the Grenadines","Ekoloski indeks",0.95
"1158","Saint Vincent and the Grenadines","Indeks COVID",0.99
"1159","Saint Vincent and the Grenadines","Stari HDI",0.73
"1160","Saint Vincent and the Grenadines","Novi HDI",0.39
"1161","Samoa","Indeks izobrazbe",0.701
"1162","Samoa","Indeks zivljenja",0.818
"1163","Samoa","Indeks prihodka",0.616
"1164","Samoa","Indeks neenakosti",0.01
"1165","Samoa","Ekoloski indeks",0.97
"1166","Samoa","Indeks COVID",1
"1167","Samoa","Stari HDI",0.71
"1168","Samoa","Novi HDI",0.39
"1169","Sao Tome and Principe","Indeks izobrazbe",0.567
"1170","Sao Tome and Principe","Indeks zivljenja",0.772
"1171","Sao Tome and Principe","Indeks prihodka",0.515
"1172","Sao Tome and Principe","Indeks neenakosti",0.68
"1173","Sao Tome and Principe","Ekoloski indeks",0.98
"1174","Sao Tome and Principe","Indeks COVID",0.01
"1175","Sao Tome and Principe","Stari HDI",0.61
"1176","Sao Tome and Principe","Novi HDI",0.34
"1177","Saudi Arabia","Indeks izobrazbe",0.794
"1178","Saudi Arabia","Indeks zivljenja",0.846
"1179","Saudi Arabia","Indeks prihodka",0.937
"1180","Saudi Arabia","Indeks neenakosti",0.01
"1181","Saudi Arabia","Ekoloski indeks",0.51
"1182","Saudi Arabia","Indeks COVID",0.9
"1183","Saudi Arabia","Stari HDI",0.86
"1184","Saudi Arabia","Novi HDI",0.38
"1185","Senegal","Indeks izobrazbe",0.352
"1186","Senegal","Indeks zivljenja",0.733
"1187","Senegal","Indeks prihodka",0.526
"1188","Senegal","Indeks neenakosti",0.31
"1189","Senegal","Ekoloski indeks",0.98
"1190","Senegal","Indeks COVID",0.99
"1191","Senegal","Stari HDI",0.51
"1192","Senegal","Novi HDI",0.59
"1193","Serbia","Indeks izobrazbe",0.783
"1194","Serbia","Indeks zivljenja",0.859
"1195","Serbia","Indeks prihodka",0.759
"1196","Serbia","Indeks neenakosti",0.82
"1197","Serbia","Ekoloski indeks",0.86
"1198","Serbia","Indeks COVID",0.53
"1199","Serbia","Stari HDI",0.8
"1200","Serbia","Novi HDI",0.76
"1201","Seychelles","Indeks izobrazbe",0.752
"1202","Seychelles","Indeks zivljenja",0.821
"1203","Seychelles","Indeks prihodka",0.835
"1204","Seychelles","Indeks neenakosti",0.01
"1205","Seychelles","Ekoloski indeks",0.82
"1206","Seychelles","Indeks COVID",0.97
"1207","Seychelles","Stari HDI",0.8
"1208","Seychelles","Novi HDI",0.4
"1209","Sierra Leone","Indeks izobrazbe",0.403
"1210","Sierra Leone","Indeks zivljenja",0.528
"1211","Sierra Leone","Indeks prihodka",0.397
"1212","Sierra Leone","Indeks neenakosti",0.24
"1213","Sierra Leone","Ekoloski indeks",1
"1214","Sierra Leone","Indeks COVID",1
"1215","Sierra Leone","Stari HDI",0.44
"1216","Sierra Leone","Novi HDI",0.52
"1217","Singapore","Indeks izobrazbe",0.837
"1218","Singapore","Indeks zivljenja",0.976
"1219","Singapore","Indeks prihodka",1
"1220","Singapore","Indeks neenakosti",0.77
"1221","Singapore","Ekoloski indeks",0.81
"1222","Singapore","Indeks COVID",0.9
"1223","Singapore","Stari HDI",0.93
"1224","Singapore","Novi HDI",0.88
"1225","Slovakia","Indeks izobrazbe",0.824
"1226","Slovakia","Indeks zivljenja",0.883
"1227","Slovakia","Indeks prihodka",0.865
"1228","Slovakia","Indeks neenakosti",0.94
"1229","Slovakia","Ekoloski indeks",0.83
"1230","Slovakia","Indeks COVID",0.67
"1231","Slovakia","Stari HDI",0.86
"1232","Slovakia","Novi HDI",0.83
"1233","Slovenia","Indeks izobrazbe",0.893
"1234","Slovenia","Indeks zivljenja",0.941
"1235","Slovenia","Indeks prihodka",0.872
"1236","Slovenia","Indeks neenakosti",0.97
"1237","Slovenia","Ekoloski indeks",0.82
"1238","Slovenia","Indeks COVID",0.43
"1239","Slovenia","Stari HDI",0.9
"1240","Slovenia","Novi HDI",0.79
"1241","Solomon Islands","Indeks izobrazbe",0.469
"1242","Solomon Islands","Indeks zivljenja",0.813
"1243","Solomon Islands","Indeks prihodka",0.455
"1244","Solomon Islands","Indeks neenakosti",0.01
"1245","Solomon Islands","Ekoloski indeks",0.99
"1246","Solomon Islands","Indeks COVID",1
"1247","Solomon Islands","Stari HDI",0.56
"1248","Solomon Islands","Novi HDI",0.35
"1249","South Africa","Indeks izobrazbe",0.721
"1250","South Africa","Indeks zivljenja",0.675
"1251","South Africa","Indeks prihodka",0.72
"1252","South Africa","Indeks neenakosti",0.32
"1253","South Africa","Ekoloski indeks",0.79
"1254","South Africa","Indeks COVID",0.83
"1255","South Africa","Stari HDI",0.71
"1256","South Africa","Novi HDI",0.65
"1257","South Sudan","Indeks izobrazbe",0.301
"1258","South Sudan","Indeks zivljenja",0.579
"1259","South Sudan","Indeks prihodka",0.404
"1260","South Sudan","Indeks neenakosti",0.2
"1261","South Sudan","Ekoloski indeks",1
"1262","South Sudan","Indeks COVID",1
"1263","South Sudan","Stari HDI",0.41
"1264","South Sudan","Novi HDI",0.49
"1265","Spain","Indeks izobrazbe",0.824
"1266","Spain","Indeks zivljenja",0.976
"1267","Spain","Indeks prihodka",0.885
"1268","Spain","Indeks neenakosti",0.74
"1269","Spain","Ekoloski indeks",0.85
"1270","Spain","Indeks COVID",0.61
"1271","Spain","Stari HDI",0.89
"1272","Spain","Novi HDI",0.81
"1273","Sri Lanka","Indeks izobrazbe",0.756
"1274","Sri Lanka","Indeks zivljenja",0.874
"1275","Sri Lanka","Indeks prihodka",0.718
"1276","Sri Lanka","Indeks neenakosti",0.8
"1277","Sri Lanka","Ekoloski indeks",0.97
"1278","Sri Lanka","Indeks COVID",0.98
"1279","Sri Lanka","Stari HDI",0.78
"1280","Sri Lanka","Novi HDI",0.84
"1281","Sudan","Indeks izobrazbe",0.339
"1282","Sudan","Indeks zivljenja",0.694
"1283","Sudan","Indeks prihodka",0.556
"1284","Sudan","Indeks neenakosti",0.24
"1285","Sudan","Ekoloski indeks",0.99
"1286","Sudan","Indeks COVID",0.99
"1287","Sudan","Stari HDI",0.51
"1288","Sudan","Novi HDI",0.56
"1289","Suriname","Indeks izobrazbe",0.661
"1290","Suriname","Indeks zivljenja",0.793
"1291","Suriname","Indeks prihodka",0.722
"1292","Suriname","Indeks neenakosti",0.55
"1293","Suriname","Ekoloski indeks",0.92
"1294","Suriname","Indeks COVID",0.9
"1295","Suriname","Stari HDI",0.72
"1296","Suriname","Novi HDI",0.75
"1297","Sweden","Indeks izobrazbe",0.914
"1298","Sweden","Indeks zivljenja",0.964
"1299","Sweden","Indeks prihodka",0.932
"1300","Sweden","Indeks neenakosti",0.93
"1301","Sweden","Ekoloski indeks",0.89
"1302","Sweden","Indeks COVID",0.59
"1303","Sweden","Stari HDI",0.94
"1304","Sweden","Novi HDI",0.86
"1305","Switzerland","Indeks izobrazbe",0.896
"1306","Switzerland","Indeks zivljenja",0.979
"1307","Switzerland","Indeks prihodka",0.965
"1308","Switzerland","Indeks neenakosti",0.92
"1309","Switzerland","Ekoloski indeks",0.89
"1310","Switzerland","Indeks COVID",0.5
"1311","Switzerland","Stari HDI",0.95
"1312","Switzerland","Novi HDI",0.84
"1313","Syrian Arab Republic","Indeks izobrazbe",0.416
"1314","Syrian Arab Republic","Indeks zivljenja",0.797
"1315","Syrian Arab Republic","Indeks prihodka",0.499
"1316","Syrian Arab Republic","Indeks neenakosti",0.01
"1317","Syrian Arab Republic","Ekoloski indeks",0.01
"1318","Syrian Arab Republic","Indeks COVID",0.99
"1319","Syrian Arab Republic","Stari HDI",0.55
"1320","Syrian Arab Republic","Novi HDI",0.16
"1321","Tajikistan","Indeks izobrazbe",0.673
"1322","Tajikistan","Indeks zivljenja",0.783
"1323","Tajikistan","Indeks prihodka",0.536
"1324","Tajikistan","Indeks neenakosti",0.78
"1325","Tajikistan","Ekoloski indeks",0.98
"1326","Tajikistan","Indeks COVID",0.99
"1327","Tajikistan","Stari HDI",0.66
"1328","Tajikistan","Novi HDI",0.77
"1329","Tanzania","Indeks izobrazbe",0.423
"1330","Tanzania","Indeks zivljenja",0.693
"1331","Tanzania","Indeks prihodka",0.504
"1332","Tanzania","Indeks neenakosti",0.48
"1333","Tanzania","Ekoloski indeks",0.99
"1334","Tanzania","Indeks COVID",1
"1335","Tanzania","Stari HDI",0.53
"1336","Tanzania","Novi HDI",0.64
"1337","Thailand","Indeks izobrazbe",0.665
"1338","Thailand","Indeks zivljenja",0.876
"1339","Thailand","Indeks prihodka",0.768
"1340","Thailand","Indeks neenakosti",0.68
"1341","Thailand","Ekoloski indeks",0.89
"1342","Thailand","Indeks COVID",1
"1343","Thailand","Stari HDI",0.76
"1344","Thailand","Novi HDI",0.8
"1345","Timor-Leste","Indeks izobrazbe",0.496
"1346","Timor-Leste","Indeks zivljenja",0.758
"1347","Timor-Leste","Indeks prihodka",0.653
"1348","Timor-Leste","Indeks neenakosti",0.43
"1349","Timor-Leste","Ekoloski indeks",0.01
"1350","Timor-Leste","Indeks COVID",0.01
"1351","Timor-Leste","Stari HDI",0.63
"1352","Timor-Leste","Novi HDI",0.15
"1353","Togo","Indeks izobrazbe",0.514
"1354","Togo","Indeks zivljenja",0.627
"1355","Togo","Indeks prihodka",0.418
"1356","Togo","Indeks neenakosti",0.31
"1357","Togo","Ekoloski indeks",0.99
"1358","Togo","Indeks COVID",1
"1359","Togo","Stari HDI",0.51
"1360","Togo","Novi HDI",0.59
"1361","Tonga","Indeks izobrazbe",0.771
"1362","Tonga","Indeks zivljenja",0.782
"1363","Tonga","Indeks prihodka",0.613
"1364","Tonga","Indeks neenakosti",0.01
"1365","Tonga","Ekoloski indeks",0.97
"1366","Tonga","Indeks COVID",1
"1367","Tonga","Stari HDI",0.72
"1368","Tonga","Novi HDI",0.39
"1369","Trinidad and Tobago","Indeks izobrazbe",0.728
"1370","Trinidad and Tobago","Indeks zivljenja",0.821
"1371","Trinidad and Tobago","Indeks prihodka",0.854
"1372","Trinidad and Tobago","Indeks neenakosti",0.01
"1373","Trinidad and Tobago","Ekoloski indeks",0.18
"1374","Trinidad and Tobago","Indeks COVID",0.95
"1375","Trinidad and Tobago","Stari HDI",0.8
"1376","Trinidad and Tobago","Novi HDI",0.31
"1377","Tunisia","Indeks izobrazbe",0.659
"1378","Tunisia","Indeks zivljenja",0.869
"1379","Tunisia","Indeks prihodka",0.706
"1380","Tunisia","Indeks neenakosti",0.59
"1381","Tunisia","Ekoloski indeks",0.93
"1382","Tunisia","Indeks COVID",0.89
"1383","Tunisia","Stari HDI",0.74
"1384","Tunisia","Novi HDI",0.76
"1385","Turkey","Indeks izobrazbe",0.712
"1386","Turkey","Indeks zivljenja",0.884
"1387","Turkey","Indeks prihodka",0.833
"1388","Turkey","Indeks neenakosti",0.69
"1389","Turkey","Ekoloski indeks",0.86
"1390","Turkey","Indeks COVID",0.84
"1391","Turkey","Stari HDI",0.81
"1392","Turkey","Novi HDI",0.8
"1393","Turkmenistan","Indeks izobrazbe",0.628
"1394","Turkmenistan","Indeks zivljenja",0.74
"1395","Turkmenistan","Indeks prihodka",0.77
"1396","Turkmenistan","Indeks neenakosti",0.65
"1397","Turkmenistan","Ekoloski indeks",0.64
"1398","Turkmenistan","Indeks COVID",1
"1399","Turkmenistan","Stari HDI",0.71
"1400","Turkmenistan","Novi HDI",0.73
"1401","Uganda","Indeks izobrazbe",0.515
"1402","Uganda","Indeks zivljenja",0.661
"1403","Uganda","Indeks prihodka",0.433
"1404","Uganda","Indeks neenakosti",0.43
"1405","Uganda","Ekoloski indeks",1
"1406","Uganda","Indeks COVID",0.99
"1407","Uganda","Stari HDI",0.53
"1408","Uganda","Novi HDI",0.63
"1409","Ukraine","Indeks izobrazbe",0.797
"1410","Ukraine","Indeks zivljenja",0.799
"1411","Ukraine","Indeks prihodka",0.662
"1412","Ukraine","Indeks neenakosti",0.93
"1413","Ukraine","Ekoloski indeks",0.87
"1414","Ukraine","Indeks COVID",0.75
"1415","Ukraine","Stari HDI",0.75
"1416","Ukraine","Novi HDI",0.8
"1417","United Arab Emirates","Indeks izobrazbe",0.744
"1418","United Arab Emirates","Indeks zivljenja",0.889
"1419","United Arab Emirates","Indeks prihodka",0.983
"1420","United Arab Emirates","Indeks neenakosti",0.01
"1421","United Arab Emirates","Ekoloski indeks",0.44
"1422","United Arab Emirates","Indeks COVID",0.79
"1423","United Arab Emirates","Stari HDI",0.87
"1424","United Arab Emirates","Novi HDI",0.36
"1425","United Kingdom","Indeks izobrazbe",0.916
"1426","United Kingdom","Indeks zivljenja",0.942
"1427","United Kingdom","Indeks prihodka",0.903
"1428","United Kingdom","Indeks neenakosti",0.89
"1429","United Kingdom","Ekoloski indeks",0.85
"1430","United Kingdom","Indeks COVID",0.64
"1431","United Kingdom","Stari HDI",0.92
"1432","United Kingdom","Novi HDI",0.85
"1433","United States","Indeks izobrazbe",0.899
"1434","United States","Indeks zivljenja",0.905
"1435","United States","Indeks prihodka",0.956
"1436","United States","Indeks neenakosti",0.77
"1437","United States","Ekoloski indeks",0.56
"1438","United States","Indeks COVID",0.44
"1439","United States","Stari HDI",0.92
"1440","United States","Novi HDI",0.73
"1441","Uruguay","Indeks izobrazbe",0.745
"1442","Uruguay","Indeks zivljenja",0.889
"1443","Uruguay","Indeks prihodka",0.796
"1444","Uruguay","Indeks neenakosti",0.78
"1445","Uruguay","Ekoloski indeks",0.95
"1446","Uruguay","Indeks COVID",0.95
"1447","Uruguay","Stari HDI",0.81
"1448","Uruguay","Novi HDI",0.85
"1449","Uzbekistan","Indeks izobrazbe",0.718
"1450","Uzbekistan","Indeks zivljenja",0.793
"1451","Uzbekistan","Indeks prihodka",0.63
"1452","Uzbekistan","Indeks neenakosti",0.01
"1453","Uzbekistan","Ekoloski indeks",0.93
"1454","Uzbekistan","Indeks COVID",0.98
"1455","Uzbekistan","Stari HDI",0.71
"1456","Uzbekistan","Novi HDI",0.39
"1457","Vanuatu","Indeks izobrazbe",0.545
"1458","Vanuatu","Indeks zivljenja",0.774
"1459","Vanuatu","Indeks prihodka",0.504
"1460","Vanuatu","Indeks neenakosti",0.01
"1461","Vanuatu","Ekoloski indeks",0.99
"1462","Vanuatu","Indeks COVID",1
"1463","Vanuatu","Stari HDI",0.6
"1464","Vanuatu","Novi HDI",0.36
"1465","Venezuela","Indeks izobrazbe",0.7
"1466","Venezuela","Indeks zivljenja",0.802
"1467","Venezuela","Indeks prihodka",0.681
"1468","Venezuela","Indeks neenakosti",0.67
"1469","Venezuela","Ekoloski indeks",0.87
"1470","Venezuela","Indeks COVID",0.96
"1471","Venezuela","Stari HDI",0.73
"1472","Venezuela","Novi HDI",0.77
"1473","Viet Nam","Indeks izobrazbe",0.626
"1474","Viet Nam","Indeks zivljenja",0.851
"1475","Viet Nam","Indeks prihodka",0.624
"1476","Viet Nam","Indeks neenakosti",0.69
"1477","Viet Nam","Ekoloski indeks",0.01
"1478","Viet Nam","Indeks COVID",1
"1479","Viet Nam","Stari HDI",0.69
"1480","Viet Nam","Novi HDI",0.36
"1481","Yemen","Indeks izobrazbe",0.347
"1482","Yemen","Indeks zivljenja",0.709
"1483","Yemen","Indeks prihodka",0.402
"1484","Yemen","Indeks neenakosti",0.33
"1485","Yemen","Ekoloski indeks",0.99
"1486","Yemen","Indeks COVID",1
"1487","Yemen","Stari HDI",0.46
"1488","Yemen","Novi HDI",0.56
"1489","Zambia","Indeks izobrazbe",0.572
"1490","Zambia","Indeks zivljenja",0.01
"1491","Zambia","Indeks prihodka",0.541
"1492","Zambia","Indeks neenakosti",0.29
"1493","Zambia","Ekoloski indeks",0.99
"1494","Zambia","Indeks COVID",0.99
"1495","Zambia","Stari HDI",0.15
"1496","Zambia","Novi HDI",0.31
"1497","Zimbabwe","Indeks izobrazbe",0.568
"1498","Zimbabwe","Indeks zivljenja",0.01
"1499","Zimbabwe","Indeks prihodka",0.496
"1500","Zimbabwe","Indeks neenakosti",0.53
"1501","Zimbabwe","Ekoloski indeks",0.98
"1502","Zimbabwe","Indeks COVID",0.99
"1503","Zimbabwe","Stari HDI",0.14
"1504","Zimbabwe","Novi HDI",0.34
"1505","DR Congo","Indeks izobrazbe",0.459
"1506","DR Congo","Indeks zivljenja",0.621
"1507","DR Congo","Indeks prihodka",0.314
"1508","DR Congo","Indeks neenakosti",0.33
"1509","DR Congo","Ekoloski indeks",0.98
"1510","DR Congo","Indeks COVID",0.98
"1511","DR Congo","Stari HDI",0.46
"1512","DR Congo","Novi HDI",0.56
